TimeStamp (UTC)," ""Latitude"""," ""Longitude"""," ""Altitude (Meter ASL)"""," ""Drone Yaw""",CO2 (ppm),Wind Direction,,Wind Speed
UTC 221221 124735 5 9 ,53.32822418,5.93566227,28.91,354.86,552,210°,,  10.85 m/s
UTC 221221 124750 5 9 ,53.32810974,5.934831619,29.01,256.5,492,208°,,  10.00 m/s
UTC 221221 124755 5 9 ,53.32806396,5.934468746,29.03,257.68,496,201°,,  9.64 m/s
UTC 221221 124800 5 9 ,53.32801437,5.934098721,29.12,257.38,502,211°,,  10.40 m/s
UTC 221221 124815 5 9 ,53.3278656,5.932999134,29.19,257.91,486,199°,,  9.47 m/s
UTC 221221 124820 5 9 ,53.32781982,5.932630539,29.28,257.61,486,205°,,  8.03 m/s
UTC 221221 124825 5 9 ,53.32777023,5.932265759,29.26,257.74,480,204°,,  10.19 m/s
UTC 221221 124830 5 9 ,53.32772064,5.931898594,29.37,256.81,477,203°,,  10.83 m/s
UTC 221221 124835 5 9 ,53.32767105,5.931529045,29.36,257.89,482,202°,,  10.60 m/s
UTC 221221 124840 5 9 ,53.32764435,5.931175232,29.4,296.63,496,207°,,  10.09 m/s
UTC 221221 124845 5 9 ,53.32781219,5.931181908,28.88,58.48,530,207°,,  9.54 m/s
UTC 221221 124848 5 9 ,53.32786179,5.931591511,28.93,77.44,548,207°,,  10.24 m/s
UTC 221221 124856 5 9 ,53.32791138,5.931959629,28.94,77.34,552,211°,,  10.10 m/s
UTC 221221 124900 5 9 ,53.32794952,5.932249546,28.95,77.21,561,204°,,  10.93 m/s
UTC 221221 124905 5 9 ,53.32799912,5.932619572,28.98,77.35,567,207°,,  10.48 m/s
UTC 221221 124910 5 9 ,53.32805252,5.932986736,29,77.35,561,206°,,  9.05 m/s
UTC 221221 124924 5 9 ,53.32820511,5.934163094,29.06,77.71,567,201°,,  10.43 m/s
UTC 221221 124930 5 9 ,53.32824707,5.934454441,29.05,77.3,555,201°,,  10.16 m/s
UTC 221221 124935 5 9 ,53.32829285,5.934823513,29.07,77.53,548,204°,,  10.10 m/s
UTC 221221 124940 5 9 ,53.32834244,5.935189247,29.09,77.05,555,206°,,  8.12 m/s
UTC 221221 124945 5 9 ,53.32840347,5.935530663,29.15,43.98,555,203°,,  9.07 m/s
UTC 221221 124950 5 9 ,53.32855988,5.935415745,29.64,275.1,543,202°,,  11.46 m/
UTC 221221 124955 5 9 ,53.3285141,5.935090065,29.63,257.03,506,202°,,  10.45 m/s
UTC 221221 125000 5 9 ,53.32846451,5.934720993,29.53,257.35,496,202°,,  10.00 m/s
UTC 221221 125004 5 9 ,53.32842636,5.934426785,29.5,257.1,486,204°,,  8.94 m/s
UTC 221221 125010 5 9 ,53.32836533,5.933983803,29.46,256.57,463,208°,,  9.67 m/s
UTC 221221 125015 5 9 ,53.32831573,5.933615685,29.37,256.89,477,202°,,  10.79 m/s
UTC 221221 125030 5 9 ,53.32817078,5.932515621,29.16,257.05,486,211°,,  8.17 m/s
UTC 221221 125035 5 9 ,53.32812119,5.93214798,29.1,256.78,480,213°,,  8.87 m/s
UTC 221221 125040 5 9 ,53.32807159,5.93178606,29.02,257.77,477,209°,,  8.51 m/s
UTC 221221 125045 5 9 ,53.32802582,5.931414127,28.95,257.38,486,211°,,  9.10 m/s
UTC 221221 125050 5 9 ,53.3279953,5.931061745,28.95,293.68,498,211°,,  9.39 m/s
UTC 221221 125055 5 9 ,53.32816315,5.931061268,28.93,58.07,537,210°,,  9.82 m/s
UTC 221221 125100 5 9 ,53.32820511,5.931398392,29.04,77.27,555,212°,,  10.19 m/s
UTC 221221 125105 5 9 ,53.3282547,5.931769848,29.14,77.55,561,209°,,  9.60 m/s
UTC 221221 125110 5 9 ,53.32830429,5.932136536,29.25,77.47,572,211°,,  9.70 m/s
UTC 221221 125115 5 9 ,53.32835388,5.932503223,29.37,77.63,572,209°,,  8.59 m/s
UTC 221221 125120 5 9 ,53.32840347,5.932870865,29.48,77.18,567,207°,,  7.22 m/s
UTC 221221 125132 5 9 ,53.32851791,5.933752537,29.79,77.5,555,198°,,  6.69 m/s
UTC 221221 125140 5 9 ,53.32859802,5.934339523,29.96,77.6,555,194°,,  7.04 m/s
UTC 221221 125145 5 9 ,53.32864761,5.934705257,30.06,77.53,567,195°,,  6.99 m/s
UTC 221221 125151 5 9 ,53.32870483,5.935144424,30.21,77.27,561,198°,,  7.72 m/s
UTC 221221 125155 5 9 ,53.32875824,5.935410023,30.32,38.95,586,199°,,  7.70 m/s
UTC 221221 125200 5 9 ,53.32891083,5.935282707,30.79,273.29,555,197°,,  7.90 m/s
UTC 221221 125205 5 9 ,53.32886124,5.934931755,30.62,257.04,530,199°,,  7.97 m/s
UTC 221221 125210 5 9 ,53.32881165,5.934562206,30.48,257.05,514,196°,,  8.45 m/s
UTC 221221 125215 5 9 ,53.32876205,5.934194088,30.32,257.18,514,195°,,  8.80 m/s
UTC 221221 125220 5 9 ,53.32871628,5.933827877,30.16,256.69,502,193°,,  8.65 m/s
UTC 221221 125225 5 9 ,53.32866669,5.93346262,30.01,256.68,506,194°,,  7.27 m/s
UTC 221221 125240 5 9 ,53.32851791,5.932357788,29.49,257.19,523,203°,,  7.93 m/s
UTC 221221 125245 5 9 ,53.32846832,5.9319911,29.35,256.69,523,201°,,  8.06 m/s
UTC 221221 125250 5 9 ,53.32842255,5.931623936,29.19,257.1,534,201°,,  7.88 m/s
UTC 221221 125254 5 9 ,53.32836914,5.931259155,29.02,256.53,534,195°,,  7.62 m/s
UTC 221221 125300 5 9 ,53.32836151,5.930916786,28.82,311.46,543,199°,,  7.68 m/s
UTC 221221 125305 5 9 ,53.32852554,5.930988312,28.65,74,572,194°,,  6.90 m/s
UTC 221221 125310 5 9 ,53.3285675,5.931349754,28.79,77.42,572,201°,,  8.11 m/s
UTC 221221 125315 5 9 ,53.3286171,5.93171835,28.95,77.3,575,190°,,  6.97 m/s
UTC 221221 125320 5 9 ,53.32866669,5.932085514,29.08,77.42,575,196°,,  9.02 m/s
UTC 221221 125325 5 9 ,53.32871246,5.932450771,29.25,76.97,561,203°,,  8.97 m/s
UTC 221221 125330 5 9 ,53.32876205,5.932819843,29.43,77.46,561,198°,,  9.79 m/s
UTC 221221 125343 5 9 ,53.32889175,5.933773994,29.83,77,561,191°,,  11.19 m/s
UTC 221221 125350 5 9 ,53.32896042,5.934288502,30.04,77.26,567,191°,,  9.81 m/s
UTC 221221 125355 5 9 ,53.32901001,5.93465662,30.22,77.57,567,195°,,  9.96 m/s
UTC 221221 125400 5 9 ,53.3290596,5.935022354,30.36,77.48,561,191°,,  9.61 m/s
UTC 221221 125405 5 9 ,53.32915115,5.935303688,30.26,2.87,561,199°,,  7.17 m/s
UTC 221221 125410 5 9 ,53.32925415,5.935094357,29.88,259.23,530,198°,,  9.11 m/s
UTC 221221 125415 5 9 ,53.32920837,5.934736729,29.73,257.33,496,197°,,  7.46 m/s
UTC 221221 125420 5 9 ,53.32915497,5.934366703,29.58,256.71,492,194°,,  8.05 m/s
UTC 221221 125425 5 9 ,53.32910538,5.934000492,29.45,257.08,486,194°,,  8.30 m/s
UTC 221221 125430 5 9 ,53.32905579,5.933633804,29.36,256.89,496,204°,,  13.15 m/s
UTC 221221 125435 5 9 ,53.3290062,5.93326664,29.23,255.84,486,185°,,  12.95 m/s
UTC 221221 125450 5 9 ,53.32886124,5.932163715,28.81,257.2,519,207°,,  13.45 m/s
UTC 221221 125455 5 9 ,53.32881165,5.931797504,28.67,257.15,523,203°,,  11.09 m/s
UTC 221221 125500 5 9 ,53.32876968,5.931435108,28.54,258.1,496,209°,,  10.42 m/s
UTC 221221 125505 5 9 ,53.32872009,5.931060314,28.46,257.41,498,210°,,  7.70 m/s
UTC 221221 125510 5 9 ,53.3287468,5.930762291,28.13,340.34,526,185°,,  9.14 m/s
UTC 221221 125515 5 9 ,53.32888031,5.930900097,28.05,76.72,543,201°,,  9.58 m/s
UTC 221221 125520 5 9 ,53.3289299,5.931271553,28.08,77.8,534,216°,,  12.61 m/s
UTC 221221 125525 5 9 ,53.32897568,5.931635857,28.14,77.61,534,210°,,  12.13 m/s
UTC 221221 125530 5 9 ,53.32902145,5.932003021,28.3,77.41,537,207°,,  12.95 m/s
UTC 221221 125535 5 9 ,53.32906723,5.932368279,28.35,77.97,543,207°,,  11.53 m/s
UTC 221221 125540 5 9 ,53.32912064,5.932733059,28.38,77.01,543,212°,,  11.48 m/s
UTC 221221 125555 5 9 ,53.32926941,5.933837414,28.63,77.6,530,208°,,  13.98 m/s
UTC 221221 125600 5 9 ,53.329319,5.934205055,28.7,77.57,526,203°,,  13.50 m/s
UTC 221221 125605 5 9 ,53.32936478,5.934570789,28.78,78.1,530,208°,,  13.56 m/s
UTC 221221 125610 5 9 ,53.32941437,5.934940338,28.86,76.95,534,197°,,  12.94 m/s
UTC 221221 125615 5 9 ,53.32952881,5.935167313,28.57,348.57,523,202°,,  15.96 m/s
UTC 221221 125620 5 9 ,53.32959366,5.934853554,28.22,258.97,496,205°,,  16.38 m/s
UTC 221221 125625 5 9 ,53.3295517,5.934582233,28.24,257.19,480,203°,,  14.72 m/s
UTC 221221 125630 5 9 ,53.32950211,5.934208393,28.15,257.47,475,201°,,  12.69 m/s
UTC 221221 125635 5 9 ,53.32945251,5.933842182,28.05,257.63,460,196°,,  14.70 m/s
UTC 221221 125642 5 9 ,53.32938385,5.933326244,27.97,258.59,445,205°,,  12.18 m/s
UTC 221221 125702 5 9 ,53.32918549,5.931856155,27.78,257.13,470,208°,,  13.34 m/s
UTC 221221 125705 5 9 ,53.32915878,5.931636334,27.69,258.65,463,204°,,  12.45 m/s
UTC 221221 125710 5 9 ,53.32910538,5.93127346,27.66,256.97,480,199°,,  12.58 m/s
UTC 221221 125715 5 9 ,53.3290596,5.930905342,27.54,258.65,475,204°,,  11.58 m/s
UTC 221221 125720 5 9 ,53.32912827,5.930639267,27.24,345.43,514,204°,,  13.72 m/s
UTC 221221 125725 5 9 ,53.32923889,5.930835247,27.09,77.13,526,203°,,  13.63 m/s
UTC 221221 125730 5 9 ,53.32928467,5.931202889,27.15,77.49,534,196°,,  12.17 m/s
UTC 221221 125735 5 9 ,53.32933426,5.93157196,27.21,77.86,534,206°,,  9.99 m/s
UTC 221221 125740 5 9 ,53.32938385,5.931938171,27.27,77.23,534,206°,,  15.26 m/s
UTC 221221 125745 5 9 ,53.32942963,5.932305336,27.32,77.33,537,206°,,  13.43 m/s
UTC 221221 125805 5 9 ,53.32962418,5.933773994,27.67,77.63,543,199°,,  13.02 m/s
UTC 221221 125810 5 9 ,53.32967758,5.934144497,27.72,78.11,530,204°,,  13.20 m/s
UTC 221221 125815 5 9 ,53.32972336,5.934508324,27.8,77.67,530,197°,,  13.72 m/s
UTC 221221 125820 5 9 ,53.32977295,5.934873104,27.82,77.06,534,203°,,  11.67 m/s
UTC 221221 125826 5 9 ,53.3299408,5.934990406,27.98,319.19,537,199°,,  11.66 m/s
UTC 221221 125830 5 9 ,53.32994461,5.93475008,27.95,259.34,523,203°,,  11.54 m/s
UTC 221221 125835 5 9 ,53.32989502,5.934382439,27.8,258.39,502,201°,,  13.37 m/s
UTC 221221 125840 5 9 ,53.32984543,5.934013844,27.78,257.96,498,200°,,  14.12 m/s
UTC 221221 125845 5 9 ,53.32979584,5.933642864,27.67,257.89,486,197°,,  13.58 m/s
UTC 221221 125850 5 9 ,53.32974243,5.93327713,27.61,256.56,482,201°,,  12.77 m/s
UTC 221221 125905 5 9 ,53.32960129,5.932178497,27.33,257.5,486,186°,,  9.30 m/s
UTC 221221 125910 5 9 ,53.3295517,5.931809425,27.25,257.92,482,203°,,  10.78 m/s
UTC 221221 125915 5 9 ,53.32950211,5.931441784,27.18,257.31,482,201°,,  12.96 m/s
UTC 221221 125920 5 9 ,53.32945251,5.931075096,27.04,257.34,482,205°,,  13.29 m/s
UTC 221221 125925 5 9 ,53.32940292,5.930709362,27,257.33,492,207°,,  13.51 m/s
UTC 221221 125930 5 9 ,53.32952118,5.930517197,26.96,7.37,530,207°,,  11.69 m/s
UTC 221221 125935 5 9 ,53.32959747,5.93076849,27.05,76.73,548,205°,,  13.01 m/s
UTC 221221 125940 5 9 ,53.32964325,5.931136608,27.18,77.57,567,208°,,  13.54 m/s
UTC 221221 125945 5 9 ,53.32969284,5.931501389,27.28,77.67,548,205°,,  9.61 m/s
UTC 221221 125950 5 9 ,53.32974243,5.931871414,27.42,77.89,543,207°,,  12.79 m/s
UTC 221221 125955 5 9 ,53.32979202,5.932240486,27.54,77.6,534,206°,,  13.05 m/s
UTC 221221 130010 5 9 ,53.32993698,5.933341503,27.96,77.83,534,203°,,  14.48 m/s
UTC 221221 130015 5 9 ,53.32998276,5.933703899,28.04,77.51,543,199°,,  14.52 m/s
UTC 221221 130020 5 9 ,53.33004761,5.934148312,28.22,77.72,548,197°,,  14.06 m/s
UTC 221221 130025 5 9 ,53.33008575,5.93444109,28.34,77.68,530,194°,,  13.01 m/s
UTC 221221 130030 5 9 ,53.33013153,5.934807777,28.45,78.76,537,196°,,  13.12 m/s
UTC 221221 130035 5 9 ,53.33029175,5.934860706,28.79,319.26,530,192°,,  12.66 m/s
UTC 221221 130040 5 9 ,53.33028412,5.934547424,28.8,258.45,519,197°,,  13.96 m/s
UTC 221221 130045 5 9 ,53.33023453,5.934175968,28.66,257.54,496,194°,,  14.86 m/s
UTC 221221 130051 5 9 ,53.33017349,5.933734417,28.46,258.15,482,195°,,  14.22 m/s
UTC 221221 130055 5 9 ,53.33013535,5.933440208,28.31,257.65,482,202°,,  15.41 m/s
UTC 221221 130100 5 9 ,53.33007813,5.932999134,28.14,257.73,498,198°,,  14.43 m/s
UTC 221221 130115 5 9 ,53.3299408,5.93197155,27.75,258.08,480,201°,,  13.38 m/s
UTC 221221 130120 5 9 ,53.3298912,5.931605339,27.62,257.3,463,206°,,  12.71 m/s
UTC 221221 130125 5 9 ,53.32984161,5.931244373,27.35,258.36,460,205°,,  12.77 m/s
UTC 221221 130130 5 9 ,53.32979202,5.930874825,27.29,258.02,463,204°,,  11.87 m/s
UTC 221221 130135 5 9 ,53.32975006,5.930517197,27.19,269.11,475,206°,,  12.69 m/s
UTC 221221 130140 5 9 ,53.32992554,5.930473328,27.21,60.84,502,204°,,  11.01 m/s
UTC 221221 130145 5 9 ,53.32995987,5.93073225,27.34,76.76,502,201°,,  10.77 m/
UTC 221221 130150 5 9 ,53.33000565,5.93110466,27.49,77.81,519,199°,,  11.61 m/s
UTC 221221 130155 5 9 ,53.33005524,5.931473255,27.6,77.63,526,201°,,  12.65 m/s
UTC 221221 130200 5 9 ,53.33010483,5.931841373,27.75,77.56,534,203°,,  12.87 m/s
UTC 221221 130205 5 9 ,53.33016586,5.932283878,27.96,77.67,543,202°,,  13.22 m/s
UTC 221221 130220 5 9 ,53.33030319,5.933310032,28.36,77.58,537,201°,,  16.58 m/s
UTC 221221 130225 5 9 ,53.33035278,5.933676243,28.47,77.67,534,199°,,  15.07 m/s
UTC 221221 130230 5 9 ,53.33039856,5.934044361,28.61,77.8,530,204°,,  12.64 m/s
UTC 221221 130235 5 9 ,53.33044815,5.934411526,28.74,77.77,526,199°,,  12.77 m/s
UTC 221221 130245 5 9 ,53.33066177,5.934666634,28.91,285.31,530,192°,,  12.05 m/s
UTC 221221 130250 5 9 ,53.33063126,5.934355259,28.82,259.02,477,194°,,  10.71 m/s
UTC 221221 130255 5 9 ,53.33057785,5.933986187,28.71,258.05,480,196°,,  11.73 m/s
UTC 221221 130300 5 9 ,53.33052444,5.933616161,28.64,256.8,477,195°,,  14.10 m/s
UTC 221221 130305 5 9 ,53.33047485,5.93324852,28.46,257.58,480,197°,,  15.17 m/s
UTC 221221 130310 5 9 ,53.33043289,5.932879448,28.31,257.74,477,197°,,  13.86 m/s
UTC 221221 130325 5 9 ,53.3302803,5.931781769,27.94,257.83,502,203°,,  11.90 m/
UTC 221221 130329 5 9 ,53.33024597,5.931487083,27.88,257.72,496,200°,,  11.02 m/s
UTC 221221 130335 5 9 ,53.33018494,5.931048393,27.73,258.04,477,197°,,  12.08 m/s
UTC 221221 130340 5 9 ,53.33013535,5.930680275,27.7,257.73,482,201°,,  11.50 m/s
UTC 221221 130345 5 9 ,53.33011627,5.930330753,27.7,301.9,502,200°,,  12.54 m/s
UTC 221221 130350 5 9 ,53.3302803,5.930355549,27.89,62.14,526,200°,,  11.27 m/s
UTC 221221 130355 5 9 ,53.33032227,5.930696487,27.99,77.33,530,203°,,  12.53 m/s
UTC 221221 130400 5 9 ,53.33036804,5.931063652,28.04,77.29,537,198°,,  11.96 m/s
UTC 221221 130405 5 9 ,53.33042145,5.931428433,28.16,77.15,543,199°,,  10.38 m/s
UTC 221221 130410 5 9 ,53.33046722,5.931797504,28.25,77.51,543,200°,,  10.89 m/s
UTC 221221 130415 5 9 ,53.33051682,5.932163715,28.32,77.67,537,204°,,  11.48 m/s
UTC 221221 130430 5 9 ,53.33066559,5.93326664,28.58,77.22,548,206°,,  12.56 m/s
UTC 221221 130435 5 9 ,53.33071136,5.933633804,28.67,77.38,555,208°,,  11.88 m/s
UTC 221221 130440 5 9 ,53.33076096,5.934001446,28.77,77.44,561,209°,,  12.78 m/s
UTC 221221 130445 5 9 ,53.33081055,5.934367657,28.83,77.73,552,209°,,  13.92 m/s
UTC 221221 130450 5 9 ,53.33085251,5.934675694,28.93,74.1,543,207°,,  13.76 m/s
UTC 221221 130500 5 9 ,53.33062744,5.934707165,28.91,166.83,519,215°,,  12.57 m/s
UTC 221221 130505 5 9 ,53.33040619,5.934789181,28.95,166.58,506,207°,,  12.31 m/s
UTC 221221 130510 5 9 ,53.33018875,5.934872627,28.91,165.76,514,203°,,  11.73 m/s
UTC 221221 130515 5 9 ,53.32997131,5.934955597,28.88,165.19,502,213°,,  11.55 m/s
UTC 221221 130520 5 9 ,53.32975006,5.935033798,28.96,167.03,498,213°,,  13.55 m/s
UTC 221221 130535 5 9 ,53.32909012,5.935277462,28.91,166.21,514,196°,,  11.43 m/s
UTC 221221 130540 5 9 ,53.32887268,5.935358048,28.96,166.94,506,197°,,  12.29 m/s
UTC 221221 130545 5 9 ,53.32865143,5.935446739,28.93,166.58,514,201°,,  10.90 m/s
UTC 221221 130550 5 9 ,53.32843399,5.935528278,28.85,165.07,506,201°,,  9.53 m/s
UTC 221221 130555 5 9 ,53.32822037,5.93558979,28.92,188.04,502,204°,,  10.21 m/s
UTC 221221 130600 5 9 ,53.32820511,5.935289383,28.79,328.03,514,197°,,  10.04 m/s
UTC 221221 130605 5 9 ,53.32842255,5.935217857,28.76,345.86,498,202°,,  11.22 m/s
UTC 221221 130611 5 9 ,53.32868576,5.93512249,28.79,346.53,498,198°,,  12.48 m/s
UTC 221221 130616 5 9 ,53.32890701,5.935041904,28.79,346.46,519,195°,,  14.20 m/s
UTC 221221 130621 5 9 ,53.32912445,5.934959412,28.79,346.28,543,208°,,  11.80 m/s
UTC 221221 130626 5 9 ,53.3293457,5.934878826,28.83,346.45,548,202°,,  12.72 m/s
UTC 221221 130641 5 9 ,53.33000565,5.934632301,28.86,346.07,506,208°,,  11.66 m/s
UTC 221221 130646 5 9 ,53.33022308,5.934551239,28.9,346.29,482,210°,,  10.79 m/s
UTC 221221 130650 5 9 ,53.33039474,5.934487343,28.9,346.44,534,207°,,  9.84 m/s
UTC 221221 130655 5 9 ,53.330616,5.93440342,28.88,345.68,523,204°,,  11.15 m/s
UTC 221221 130659 5 9 ,53.33081436,5.934289455,28.88,301.78,514,211°,,  11.84 m/s
UTC 221221 130706 5 9 ,53.33069611,5.934055328,28.97,165.82,502,205°,,  12.87 m/s
UTC 221221 130710 5 9 ,53.33052063,5.934129238,28.9,165.96,492,203°,,  11.54 m/s
UTC 221221 130715 5 9 ,53.3302536,5.93422842,28.9,166.68,498,212°,,  14.35 m/s
UTC 221221 130720 5 9 ,53.33007813,5.93429327,28.84,166.43,492,214°,,  12.61 m/s
UTC 221221 130725 5 9 ,53.32986069,5.934375763,28.84,166.05,492,207°,,  13.92 m/s
UTC 221221 130730 5 9 ,53.32963943,5.934459686,28.87,166.37,496,212°,,  12.06 m/s
UTC 221221 130745 5 9 ,53.32898712,5.934707642,28.76,165,496,201°,,  13.91 m/s
UTC 221221 130750 5 9 ,53.32876205,5.934788227,28.79,166.6,496,197°,,  13.70 m/s
UTC 221221 130755 5 9 ,53.32854843,5.934867382,28.74,165.9,486,198°,,  11.78 m/s
UTC 221221 130800 5 9 ,53.32832336,5.934949875,28.76,165.85,486,196°,,  12.62 m/s
UTC 221221 130804 5 9 ,53.32815933,5.935006142,28.69,177.61,477,201°,,  13.45 m/
UTC 221221 130810 5 9 ,53.32814789,5.934693337,28.98,338.72,482,202°,,  13.19 m/s
UTC 221221 130815 5 9 ,53.3283577,5.934626102,28.91,345.64,454,199°,,  12.59 m/s
UTC 221221 130820 5 9 ,53.32857895,5.934544087,28.89,346.38,443,197°,,  12.07 m/s
UTC 221221 130822 5 9 ,53.32875443,5.93447876,28.87,346.54,463,196°,,  11.62 m/s
UTC 221221 130830 5 9 ,53.32901764,5.934382439,28.88,346.68,460,197°,,  12.29 m/s
UTC 221221 130835 5 9 ,53.32923889,5.934302807,28.8,346.02,454,198°,,  12.09 m/s
UTC 221221 130848 5 9 ,53.3299408,5.934038162,28.72,345.93,457,206°,,  14.17 m/s
UTC 221221 130855 5 9 ,53.33011627,5.933973312,28.7,346.45,463,206°,,  11.88 m/s
UTC 221221 130900 5 9 ,53.33033371,5.933891773,28.67,346.18,457,213°,,  15.27 m/s
UTC 221221 130905 5 9 ,53.33055496,5.933810234,28.67,346.08,463,209°,,  13.32 m/s
UTC 221221 130910 5 9 ,53.33074188,5.933674812,28.44,287.57,477,207°,,  13.39 m/s
UTC 221221 130915 5 9 ,53.3306427,5.933462143,28.22,173.58,457,205°,,  15.03 m/s
UTC 221221 130920 5 9 ,53.33044434,5.933545589,28.21,165.59,460,209°,,  13.61 m/s
UTC 221221 130925 5 9 ,53.33021927,5.933625698,28.37,166.56,463,208°,,  11.54 m/s
UTC 221221 130930 5 9 ,53.33000183,5.933712959,28.41,165.35,463,206°,,  11.03 m/s
UTC 221221 130935 5 9 ,53.32978058,5.933788776,28.55,166.29,460,208°,,  11.22 m/s
UTC 221221 130940 5 9 ,53.32956314,5.933870316,28.59,166.66,457,212°,,  12.91 m/s
UTC 221221 130955 5 9 ,53.3289032,5.934114933,28.88,166.54,460,208°,,  10.68 m/s
UTC 221221 131000 5 9 ,53.32868195,5.934196472,28.96,166.47,460,201°,,  11.91 m/s
UTC 221221 131005 5 9 ,53.32846451,5.934279919,29.06,166.74,463,206°,,  11.22 m/s
UTC 221221 131010 5 9 ,53.32824707,5.934365273,29.13,166.14,463,210°,,  10.36 m/s
UTC 221221 131015 5 9 ,53.32804108,5.934387684,29.25,217.07,450,206°,,  10.57 m/s
UTC 221221 131020 5 9 ,53.32808304,5.934099674,29.62,343.32,475,204°,,  12.33 m/s
UTC 221221 131026 5 9 ,53.32832336,5.93402338,29.45,346.3,486,201°,,  12.39 m/s
UTC 221221 131030 5 9 ,53.32849884,5.933959007,29.34,346.1,486,201°,,  13.08 m/s
UTC 221221 131035 5 9 ,53.32872009,5.933878422,29.24,346.5,502,204°,,  12.50 m/s
UTC 221221 131040 5 9 ,53.32893753,5.933796883,29.15,346.41,526,202°,,  12.63 m/s
UTC 221221 131045 5 9 ,53.32915878,5.933713913,29.03,346.22,530,195°,,  12.42 m/s
UTC 221221 131100 5 9 ,53.32981873,5.933468819,28.7,346.07,480,201°,,  13.99 m/s
UTC 221221 131105 5 9 ,53.33003616,5.933387756,28.56,346.52,492,207°,,  14.22 m/s
UTC 221221 131110 5 9 ,53.33025742,5.933305264,28.46,346.08,498,212°,,  13.09 m/s
UTC 221221 131115 5 9 ,53.33047485,5.933220863,28.36,346.17,475,213°,,  13.27 m/s
UTC 221221 131120 5 9 ,53.33066177,5.933090687,28.31,289.55,486,208°,,  11.79 m/s
UTC 221221 131124 5 9 ,53.33060455,5.932877541,28.8,200.76,477,213°,,  12.22 m/s
UTC 221221 131130 5 9 ,53.33037949,5.932950497,28.88,165.21,477,212°,,  12.25 m/s
UTC 221221 131135 5 9 ,53.33015823,5.93303442,28.95,165.39,480,207°,,  12.88 m/s
UTC 221221 131140 5 9 ,53.32993698,5.933116913,29.03,166.01,482,210°,,  13.18 m/s
UTC 221221 131146 5 9 ,53.32967377,5.933214188,29.18,166.4,477,213°,,  12.61 m/s
UTC 221221 131150 5 9 ,53.32949829,5.933277607,29.27,167.27,475,208°,,  11.61 m/s
UTC 221221 131204 5 9 ,53.3288002,5.933539391,29.5,166.54,470,201°,,  10.27 m/s
UTC 221221 131210 5 9 ,53.32862473,5.933606625,29.55,166.43,470,194°,,  8.99 m/s
UTC 221221 131215 5 9 ,53.32840347,5.933689117,29.65,167.03,475,195°,,  10.51 m/s
UTC 221221 131220 5 9 ,53.32818222,5.933767796,29.74,166.53,475,193°,,  10.47 m/
UTC 221221 131226 5 9 ,53.32794952,5.933754444,29.66,242.9,443,203°,,  10.92 m/s
UTC 221221 131230 5 9 ,53.32799149,5.933515549,29.33,337.92,496,206°,,  10.93 m/s
UTC 221221 131235 5 9 ,53.32818985,5.933455944,29.27,345.78,482,207°,,  12.05 m/
UTC 221221 131237 5 9 ,53.32845306,5.933357716,29.23,346.24,498,200°,,  12.41 m/s
UTC 221221 131245 5 9 ,53.32863235,5.933294296,29.2,346.16,502,195°,,  12.31 m/s
UTC 221221 131250 5 9 ,53.32884979,5.933212757,29.2,346.42,502,197°,,  12.60 m/s
UTC 221221 131255 5 9 ,53.32907104,5.933133125,29.16,346.22,502,195°,,  12.89 m/s
UTC 221221 131310 5 9 ,53.32973099,5.93288517,29.03,346.28,506,211°,,  12.36 m/s
UTC 221221 131315 5 9 ,53.32994843,5.932801247,29.01,346.03,470,214°,,  12.17 m/s
UTC 221221 131318 5 9 ,53.33007813,5.932754993,28.98,346.25,492,211°,,  11.60 m/s
UTC 221221 131325 5 9 ,53.33038712,5.932638645,28.97,346.33,463,212°,,  12.67 m/s
UTC 221221 131330 5 9 ,53.33057785,5.932519436,28.85,298.98,482,213°,,  11.02 m/s
UTC 221221 131335 5 9 ,53.33049774,5.932286739,28.96,181.02,470,217°,,  11.96 m/s
UTC 221221 131340 5 9 ,53.33028793,5.932369232,28.92,165.67,480,209°,,  13.84 m/s
UTC 221221 131345 5 9 ,53.33006668,5.932452202,28.9,165.93,482,206°,,  14.20 m/s
UTC 221221 131350 5 9 ,53.32984543,5.93253088,28.97,166.55,492,208°,,  14.65 m/s
UTC 221221 131355 5 9 ,53.32962799,5.932616234,28.83,165.7,492,212°,,  15.29 m/s
UTC 221221 131400 5 9 ,53.32940674,5.932696343,28.91,166.29,486,207°,,  14.09 m/s
UTC 221221 131415 5 9 ,53.32875443,5.932941437,28.87,166.79,463,200°,,  12.29 m/s
UTC 221221 131420 5 9 ,53.32853317,5.93302393,28.88,166.42,460,196°,,  13.60 m/s
UTC 221221 131425 5 9 ,53.32831192,5.933108807,28.82,165.25,463,199°,,  13.65 m/s
UTC 221221 131430 5 9 ,53.32809067,5.933186531,28.89,165.97,463,209°,,  12.16 m/s
UTC 221221 131435 5 9 ,53.32788467,5.933205605,28.79,220.01,460,212°,,  10.32 m/s
UTC 221221 131440 5 9 ,53.32792664,5.932924271,28.43,342.46,492,206°,,  9.53 m/s
UTC 221221 131445 5 9 ,53.32812881,5.932862282,28.43,346.26,475,202°,,  9.99 m/s
UTC 221221 131449 5 9 ,53.32835007,5.93278122,28.41,346.11,463,202°,,  9.31 m/s
UTC 221221 131455 5 9 ,53.32857132,5.932701111,28.51,346.22,475,198°,,  9.53 m/s
UTC 221221 131500 5 9 ,53.32878876,5.932622433,28.4,345.9,498,203°,,  11.04 m/s
UTC 221221 131505 5 9 ,53.3290062,5.932538033,28.42,346.44,523,198°,,  13.45 m/s
UTC 221221 131520 5 9 ,53.32966614,5.932291031,28.45,346.24,530,212°,,  14.46 m/s
UTC 221221 131525 5 9 ,53.32988739,5.932209015,28.45,346.08,534,212°,,  13.66 m/s
UTC 221221 131530 5 9 ,53.33010483,5.932129383,28.49,346.43,534,210°,,  13.20 m/s
UTC 221221 131535 5 9 ,53.33032608,5.93204689,28.45,345.92,496,209°,,  14.24 m/s
UTC 221221 131541 5 9 ,53.33050537,5.931842804,28.24,264,480,210°,,  13.59 m/s
UTC 221221 131545 5 9 ,53.33041382,5.931701183,28.02,175.96,470,209°,,  12.66 m/s
UTC 221221 131550 5 9 ,53.33020401,5.931786537,28.02,164.98,480,202°,,  9.31 m/s
UTC 221221 131555 5 9 ,53.32997894,5.931868076,28.02,165.96,477,198°,,  9.53 m/s
UTC 221221 131600 5 9 ,53.32976151,5.931947708,28.09,166.82,492,203°,,  11.04 m/s
UTC 221221 131605 5 9 ,53.32954407,5.932030201,28.01,165.94,480,198°,,  13.45 m/s
UTC 221221 131620 5 9 ,53.32888412,5.932278156,28,165.02,470,212°,,  14.46 m/s
UTC 221221 131625 5 9 ,53.32866287,5.932358265,28.06,166.8,475,212°,,  13.66 m/s
UTC 221221 131630 5 9 ,53.32844543,5.932437897,28.06,165.84,475,210°,,  13.20 m/s
UTC 221221 131635 5 9 ,53.328228,5.932523251,28.03,165.5,463,209°,,  14.24 m/s
UTC 221221 131640 5 9 ,53.32800293,5.932603359,27.96,165.66,470,210°,,  13.59 m/s
UTC 221221 131646 5 9 ,53.32778931,5.932531834,28.06,257.46,457,209°,,  12.66 m/s
UTC 221221 131650 5 9 ,53.3278656,5.932330132,27.93,345.58,486,217°,,  12.81 m/s
UTC 221221 131655 5 9 ,53.32807159,5.932267666,27.97,346.18,498,217°,,  11.83 m/s
UTC 221221 131700 5 9 ,53.32829285,5.932186127,27.96,346.31,514,211°,,  13.11 m/s
UTC 221221 131705 5 9 ,53.3285141,5.932106018,27.96,346.13,530,212°,,  14.59 m/s
UTC 221221 131710 5 9 ,53.32873535,5.932023048,27.93,346.16,514,214°,,  12.59 m/s
UTC 221221 131725 5 9 ,53.32939148,5.931780338,27.93,346.05,526,208°,,  10.31 m/s
UTC 221221 131730 5 9 ,53.32961273,5.931698322,27.93,345.77,523,205°,,  10.51 m/s
UTC 221221 131735 5 9 ,53.32982636,5.931615353,27.95,346.62,534,206°,,  10.94 m/s
UTC 221221 131740 5 9 ,53.33000565,5.931548119,27.92,346.29,526,200°,,  10.95 m/s
UTC 221221 131745 5 9 ,53.33022308,5.931467533,27.93,346.4,543,204°,,  10.82 m/s
UTC 221221 131750 5 9 ,53.33042145,5.931350231,27.9,302.16,534,204°,,  11.83 m/s
UTC 221221 131755 5 9 ,53.33033371,5.931111336,27.96,178,496,208°,,  12.35 m/s
UTC 221221 131758 5 9 ,53.33007431,5.931215286,27.98,166.45,498,207°,,  12.76 m/s
UTC 221221 131805 5 9 ,53.32989883,5.93128109,28.03,166.64,496,210°,,  10.84 m/s
UTC 221221 131810 5 9 ,53.32967758,5.931364059,28.05,166.15,486,211°,,  11.68 m/s
UTC 221221 131816 5 9 ,53.32941437,5.931460857,28.06,167.28,492,209°,,  10.84 m/s
UTC 221221 131830 5 9 ,53.32880402,5.931687832,28.14,166.36,496,214°,,  11.44 m/s
UTC 221221 131835 5 9 ,53.32858276,5.931776047,28.21,165.36,496,214°,,  12.02 m/s
UTC 221221 131840 5 9 ,53.32836533,5.931854248,28.2,166.09,486,223°,,  12.29 m/s
UTC 221221 131845 5 9 ,53.32814789,5.931937695,28.22,165.43,470,222°,,  10.69 m/
UTC 221221 131850 5 9 ,53.32792664,5.932020187,28.26,165.19,463,220°,,  11.26 m/s
UTC 221221 131856 5 9 ,53.32771683,5.931943893,28.57,260.24,443,209°,,  11.73 m/s
UTC 221221 131900 5 9 ,53.32778931,5.931741715,28.72,344.73,470,210°,,  11.24 m/s
UTC 221221 131905 5 9 ,53.32799149,5.931681156,28.64,345.89,480,220°,,  11.90 m/s
UTC 221221 131910 5 9 ,53.32821274,5.93159914,28.58,346.38,492,212°,,  12.92 m/s
UTC 221221 131915 5 9 ,53.32847977,5.931501389,28.49,346.06,502,213°,,  14.92 m/s
UTC 221221 131920 5 9 ,53.32865524,5.931435585,28.43,346.25,496,215°,,  15.46 m/s
UTC 221221 131935 5 9 ,53.32931137,5.931190014,28.25,346.21,543,208°,,  13.42 m/s
UTC 221221 131941 5 9 ,53.32957459,5.931091785,28.15,346.24,543,207°,,  12.70 m/s
UTC 221221 131945 5 9 ,53.32975006,5.93102932,28.09,346.59,555,208°,,  12.42 m/s
UTC 221221 131950 5 9 ,53.32997131,5.930945873,28.05,346.11,523,206°,,  12.57 m/s
UTC 221221 131955 5 9 ,53.33023453,5.930848122,27.94,346.43,496,207°,,  11.82 m/s
UTC 221221 132000 5 9 ,53.33034897,5.93070221,27.93,272.97,502,206°,,  9.02 m/s
UTC 221221 132005 5 9 ,53.33022308,5.930531502,27.99,165.54,480,203°,,  8.56 m/s
UTC 221221 132010 5 9 ,53.33000946,5.930624008,28.04,165.94,482,202°,,  9.31 m/s
UTC 221221 132015 5 9 ,53.32979202,5.930706024,28.13,165.91,480,206°,,  11.03 m/s
UTC 221221 132020 5 9 ,53.32957077,5.930788994,28.2,165.86,477,202°,,  12.02 m/s
UTC 221221 132040 5 9 ,53.32869339,5.931115627,28.59,165.41,482,213°,,  11.24 m/s
UTC 221221 132045 5 9 ,53.32847214,5.931194782,28.7,166.28,486,210°,,  13.07 m/s
UTC 221221 132050 5 9 ,53.3282547,5.931279659,28.82,166.14,482,212°,,  13.01 m/s
UTC 221221 132055 5 9 ,53.32803726,5.931359291,28.85,165.39,477,216°,,  11.86 m/s
UTC 221221 132100 5 9 ,53.32781601,5.931443214,28.93,165.59,475,211°,,  10.79 m/s
UTC 221221 132105 5 9 ,53.32764816,5.931436539,29.2,210.43,454,214°,,  11.21 m/s
UTC 221221 132110 5 9 ,53.32765198,5.93146801,21.32,244.71,457,217°,,  12.79 m/s
UTC 221221 132115 5 9 ,53.32776642,5.931905747,21.34,244.52,482,216°,,  11.36 m/s
UTC 221221 132120 5 9 ,53.32789612,5.932416916,21.34,243.58,523,217°,,  13.08 m/s
UTC 221221 132125 5 9 ,53.32798004,5.932970524,21.43,265.7,506,213°,,  13.87 m/s
